[
  {
    "signatures": [
      {
        "signature": "sha256:05ae8f11b8f9012ebebbf179227b010829739c6284e30da5dd3db220ee682f8a",
        "filename": "Baubles-1.7.10-1.0.1.10.jar"
      },
      {
        "signature": "sha256:b8e02b860c86cce3b4efac4c447a3bb99eb2f3f16f4f0b5ec4dcd1fbd5e3c83f",
        "filename": "ForgeMultipart-1.7.10-1.2.0.344-universal.jar"
      },
      {
        "signature": "sha256:9820605d6918b8c002ea08b5138386c869d1c779a13f6147aa9dde778e995d55",
        "filename": "Stackie-1.7.10-1.6.0.33-universal.jar"
      },
      {
        "signature": "sha256:b32a8f2078717f56ac09b1a7bbbfb7b5483a196bfdaca697d2def916387ceb6e",
        "filename": "SolarFlux-1.7.10-0.7.jar"
      },
      {
        "signature": "sha256:c20e8fa1619023b86780d35e8ac756015ff0b60756d742e58e2a0e33b85d98a8",
        "filename": "[1-7-X]_Lucky_Block_v5-1-0.jar"
      },
      {
        "signature": "sha256:c9e18c0c07479bb623d3d13b38883d0f1384dd7563e8fd3d75f89e56f5cade7e",
        "filename": "HardcoreEnderExpansion  MC-1.7.10  v1.8.1.jar"
      },
      {
        "signature": "sha256:e4a3dd27370920b2be108ba7a18efe720a521d4956abb34a8ebf74958ff25f55",
        "filename": "LunatriusCore-1.7.10-1.1.2.21-universal.jar"
      },
      {
        "signature": "sha256:ebef5ccdcfff2be891ce06dbabf65fd34a33b54998ef3fa25ff118bbe937b819",
        "filename": "Botania r1.6-191.jar"
      },
      {
        "signature": "sha256:c9ceffe2c0cfa6514b87a92af82bf9c348b5ffca6bcb0ce36e805785cdc86efa",
        "filename": "RedstoneArsenal-[1.7.10]1.1.0-83.jar"
      },
      {
        "signature": "sha256:a1a9165f9d3651ac1870aae5cf682363605109d8f69b47806b08c9275da34d88",
        "filename": "MoreEnchants-1.4.0c.jar"
      },
      {
        "signature": "sha256:9bb96584505aae1c16ce93f61ca68ee75bc7d59543ea9f13c221ff9305fc6f68",
        "filename": "MobiusCore-1.2.5_1.7.10.jar"
      },
      {
        "signature": "sha256:fde478b87e5710a430b6e0bf03398a2c4b2a07319eab6164096eaa7a4c09665d",
        "filename": "ProjectRed-1.7.10-4.6.2.82-Compat.jar"
      },
      {
        "signature": "sha256:e21ad7594b2f371809db3def2f568e2ac8b38728ce953e3e3f49562937781da4",
        "filename": "CustomChestLoot-1.7.10-1.1.1.jar"
      },
      {
        "signature": "sha256:990e8dc5cb679dfd4d77e850941db3b0b62a783bf0c07b397c59452bb1814255",
        "filename": "InfernalMobs-1.7.10 1.6.0.jar"
      },
      {
        "signature": "sha256:e579cd7714f6fd67024c1b45dcc32654838dfb57efb7394d1d73891c61a73721",
        "filename": "NoMoreRecipeConflict-0.2(1.7.10).jar"
      },
      {
        "signature": "sha256:d5448c9f42a2d62ecde991da3eae923e50d1b9f004b5aec6ed297b7140a77297",
        "filename": "forestry_1.7.10-3.5.6.15.jar"
      },
      {
        "signature": "sha256:1571d6bc1be1a088918a4e24ca824410704d08019754f460613bf8372ec56c8a",
        "filename": "BetterAnvil-4.0.0.0-alpha-1.jar"
      },
      {
        "signature": "sha256:0ab0a697bcc7f7578078f51b205a402a1991b6bef46651418317a387f019f2a8",
        "filename": "BiomesOPlenty-1.7.10-2.1.0.1283-universal.jar"
      },
      {
        "signature": "sha256:5d966e63b24443c7b2434f4928391e459045039819f427626265ea2340792e18",
        "filename": "MrTJPCore-1.0.8.16-universal.jar"
      },
      {
        "signature": "sha256:fdefead766de0bf9240202680acb7ce072d674b0995736ece3d34357c2c51cc3",
        "filename": "Artifacts-1.1.1.jar"
      },
      {
        "signature": "sha256:c4ffe72cbfc3b63f502f14cd72b75dd3d5004384fb0ff1d0d3cca685abef3473",
        "filename": "TF2Teleporter-1.7.10.jar"
      },
      {
        "signature": "sha256:a82305b4f159a09bb70b36fec23250d8056318ef6efe5160397af3075b931804",
        "filename": "roguelike-1.7.10-1.3.6.3.jar"
      },
      {
        "signature": "sha256:d7ee895d5cc69b862d858bbe5157e21d156cba7280ff0433dcfac0b2d1d32b7d",
        "filename": "MoarSigns-1.7.10-1.1.4.jar"
      },
      {
        "signature": "sha256:ec43582b61083b81e047a4e1c2f709a2a75f0fd4b9d75305eb26991531dd046d",
        "filename": "LibSandstone-1.0.0.jar"
      },
      {
        "signature": "sha256:2ccb4d6cf908c50b7b1984dcbdded597903169fabd572fdf6895100f89d8cdc5",
        "filename": "NEIIntegration-MC1.7.10-1.0.9.jar"
      },
      {
        "signature": "sha256:8772f727448b8c68785331ae051cb5d80ac6ade14b36646eed101f621356b1b1",
        "filename": "OpenEye-0.6-1.7.10.jar"
      },
      {
        "signature": "sha256:8f7e1489353f07063ad23b827c39a1e74ce8c1da80be37f9cccaa8d181ffa4aa",
        "filename": "extrautilities-1.2.5.jar"
      },
      {
        "signature": "sha256:570f1c10efc0e492d7f564fe39e8912bf5082a443fa69ce68b50dc24f47d5e08",
        "filename": "GraviSuite-1.7.10-2.0.3.jar"
      },
      {
        "signature": "sha256:771df443516a2356c15c8131a15530298d56fe758a549b0d5ba043230b97c27b",
        "filename": "BigReactors-0.4.3A.jar"
      },
      {
        "signature": "sha256:4e38a63e8c68443cd69aa80c053fb1b9d3cf80a014497423bdba844333b192d5",
        "filename": "ThermalDynamics-[1.7.10]1.0.0-129.jar"
      },
      {
        "signature": "sha256:7519b31594223df2b0663d3870a6a690a4520f2bba5a0e447f46f86c7fa088dd",
        "filename": "MobAmputation-4.0.1.jar"
      },
      {
        "signature": "sha256:f962fd4d2f69cc2ef25db10f2e62ab65dfc8bb29d01e660db8a284a3ec8fc2be",
        "filename": "ProjectRed-1.7.10-4.6.2.82-Mechanical_beta.jar"
      },
      {
        "signature": "sha256:9253a026ff524e285b3ae54a5cec0e3394bf81ee5a8bc3c5d5994abff7447a8b",
        "filename": "ProjectRed-1.7.10-4.6.2.82-Lighting.jar"
      },
      {
        "signature": "sha256:826b5ad1b22d12a3012a0ba151ce46c09b5a2fde07a388c8db12bcf64e21b59e",
        "filename": "MobProperties-1.7.10-0.3.5.jar"
      },
      {
        "signature": "sha256:87bde2c07ddf631cc14c513cccd83ff746f2ac44e241e821407819d6eb34aef5",
        "filename": "Carpenters Blocks v3.3.6 - MC 1.7.10.jar"
      },
      {
        "signature": "sha256:9ea551dd81da9af7ae95c845d246da2a947dfe9cf4071e89b5c53f4967dcea2f",
        "filename": "EnchantingPlus-1.7.10-3.0.2-d.jar"
      },
      {
        "signature": "sha256:a114cd3b5fac50f31e43189546a50e390027e5ef770d81427b9fd5ebdbafdf72",
        "filename": "ThermalExpansion-[1.7.10]4.0.1-182.jar"
      },
      {
        "signature": "sha256:7e5fe8e9666ed04c74fde3ed98633a4230aa3720a49634787a8f52a00f1bb34c",
        "filename": "Chisel2-2.3.10.37.jar"
      },
      {
        "signature": "sha256:9e962da477f3342370077333d4375cb934ece9ace8847a222b5a44b77d93e81f",
        "filename": "IguanaTinkerTweaks-1.7.10-2.1.5.jar"
      },
      {
        "signature": "sha256:44423d7c43bde9274e1dbc1b00d6bd14ec7cb2572326eeefa9c6dd6fab47930b",
        "filename": "Waila-1.5.10_1.7.10.jar"
      },
      {
        "signature": "sha256:f4a1a30d96574492bfa96a43ddea92741f71cd62abb2f8db859cb895c51ce8dd",
        "filename": "ProjectRed-1.7.10-4.6.2.82-Integration.jar"
      },
      {
        "signature": "sha256:664e4e72dd046fb87400a5f357e5d46c409b812cbb73f237cdb337fd9c13a132",
        "filename": "NotEnoughItems-1.7.10-1.0.4.107-universal.jar"
      },
      {
        "signature": "sha256:cc485ddcaf9faa91974744fd9d3147412dd85586864be23eabe16d8cc42b21df",
        "filename": "fognerf-1.7.10-0.4.jar"
      },
      {
        "signature": "sha256:a985c0712e195bef958d94fb74e3f5132398caa46a1b727faeda9baad6ab8784",
        "filename": "twilightforest-1.7.10-2.3.7.jar"
      },
      {
        "signature": "sha256:fcc9eb775fd0d1393fc5bfe1eb2ca792d2c17c066f7adeef552149bf9d7aae22",
        "filename": "Mekanism-1.7.10-8.1.2.229.jar"
      },
      {
        "signature": "sha256:a20aebc2cfccc8eb67d3430dc2fccb6b5575db06dabfe428be07c98b189481bd",
        "filename": "OpenBlocks-1.7.10-1.4.3-snapshot-637.jar"
      },
      {
        "signature": "sha256:8a2da693a9d8d441f11cba0a62ce353582641b23d6219b457affab58e6a1fe4a",
        "filename": "EnderIO-1.7.10-2.3.0.385_beta.jar"
      },
      {
        "signature": "sha256:f7cd6651c51b1f56e267422bb0bc6b92d25395a623ad77ccdc5134ebd8c6542a",
        "filename": "Elemental Creepers-universal_1.7.10-4.2.4.jar"
      },
      {
        "signature": "sha256:a784f0b63c62ff219a4a1346e7952ab35224d41ddb24b8994e2867aff6a953de",
        "filename": "ProjectRed-1.7.10-4.6.2.82-World.jar"
      },
      {
        "signature": "sha256:656267cc5c84631f000d4a8b1f3a92efb91d87cedd783a1c3ca14bef724e7a02",
        "filename": "CodeChickenLib-1.7.10-1.1.3.136-universal.jar"
      },
      {
        "signature": "sha256:56d83821f7733f17b966024b8ce1e2dff652e5f40f170cbb83e8989ea0827d37",
        "filename": "WailaHarvestability-mc1.7.x-1.1.2.jar"
      },
      {
        "signature": "sha256:c5e7c29bd9bec8f606ba6fa224ef0285e3c6fa24770c0b5116e15086cac0eef3",
        "filename": "Mantle-1.7.10-0.3.2.jar"
      },
      {
        "signature": "sha256:c07f23dc4fa4aa16d7981a9f77b9883476669a60182979d3a771439a491739b6",
        "filename": "iChunUtil-4.1.3.jar"
      },
      {
        "signature": "sha256:2fcebe2c2d8e7960c8b216b3db8591109486b45b65d846903d5ee7c9796a8152",
        "filename": "ProjectRed-1.7.10-4.6.2.82-Base.jar"
      },
      {
        "signature": "sha256:48f9dc286f67b95fcff3c85b63b59ab8f5de53aef4734666e4c4d89859046cfb",
        "filename": "Mo Zombies 2.1.0.jar"
      },
      {
        "signature": "sha256:fc35dc5886da434e11be07d923baa16741bc0d7ea0d81fb9989aa8ea96fd0143",
        "filename": "backpack-2.0.1-1.7.x.jar"
      },
      {
        "signature": "sha256:3d90ed26a2882eced16fda80db9406fcca84fd578527c27783bd789f6fd5c6a0",
        "filename": "ttCore-MC1.7.10-0.1.1-76.jar"
      },
      {
        "signature": "sha256:15ec2d426da82e74acbfe4c5fe35bf9f664185246383473fa8e944788b5960fa",
        "filename": "ExtraCells-1.7.10-2.2.69bNIGHTLY.jar"
      },
      {
        "signature": "sha256:65b8b50d8e7201f920faa6bfb9edbe106c36630a09a50696fe52ed3fdcfd5cc2",
        "filename": "VeinMiner-1.7.10_0.27.1.unknown.jar"
      },
      {
        "signature": "sha256:d9531a52ee8c926da3dba2380de068a91c227f23e527d022eba46eb4a175b3e2",
        "filename": "TConstruct-1.7.10-1.8.5.jar"
      },
      {
        "signature": "sha256:b31d29a9756fc282e7e86017853139ba1aa885e3992d8c063c3cd5c3554d1277",
        "filename": "MekanismGenerators-1.7.10-8.1.2.229.jar"
      },
      {
        "signature": "sha256:b8ef3cec785d5221af9a9234dc42971bac70b6050ca44446a0b915a1851b4953",
        "filename": "TMechworks-1.7.10-0.2.14.100.jar"
      },
      {
        "signature": "sha256:e8daa7883b954a9d0fb03157876bcf7a0a493fa5deeb80f59417886cb284e852",
        "filename": "InfiniBows-1.7.10-universal-coremod-1.3.0.20.jar"
      },
      {
        "signature": "sha256:bb96cd208d2a1bc4a3b295f902e7a2ea9171f61da7d99bd4b159d78b90d43a91",
        "filename": "airoverhaul-1.7.10_1.0.jar"
      },
      {
        "signature": "sha256:5c713f4403aac3e1655cf098354a3a2001ad3b1c3eef3bedafd0015870008d57",
        "filename": "InGameInfoXML-1.7.10-2.8.1.80-universal.jar"
      },
      {
        "signature": "sha256:388e44ae199bd3efb39ed23578f45d00c1e5b490c7ca8d7bc5234671328a5cb5",
        "filename": "EnderZoo-1.7.10-1.0.11.28.jar"
      },
      {
        "signature": "sha256:767bddf9c906fe3234eee06d1fb2db5cfc574d555fd67ca824f19329cdfed92a",
        "filename": "forge-1.7.10-10.13.3.1403-1.7.10-universal.jar"
      },
      {
        "signature": "sha256:7063bd96057b098ffe59942b9fb961a10001134a83074673c862029784bae670",
        "filename": "AdvHealthOptions-1.7.10-1.5.1.11.jar"
      },
      {
        "signature": "sha256:c6861456894b85d854321f58efb1eefec4440a3f3fa0ba79beeca91d20f77ed9",
        "filename": "NaturalAbsorption-1.7.10-1.2.1.jar"
      },
      {
        "signature": "sha256:9ccd59de718ed1026e378049e946202e6f8bf73a2d950246b0f23184182c4738",
        "filename": "MineTweaker3-1.7.10-3.0.9C.jar"
      },
      {
        "signature": "sha256:8a6a8a6f77c1a4fc1769bf4370c5a7cdd745593b951657843ffdcdf20ff90c0c",
        "filename": "Jabba-1.2.1a_1.7.10.jar"
      },
      {
        "signature": "sha256:d30f7f9b624e3064852af1642e4d6988aeea689a8a6871c5d074572bddce0283",
        "filename": "dimensional-anchor-59.0.2.jar"
      },
      {
        "signature": "sha256:f44ba00f9ab5f399a534784b054d42228812fa48d413314cdc3680c642c9f16b",
        "filename": "EnderStorage-1.7.10-1.4.7.36-universal.jar"
      },
      {
        "signature": "sha256:f7cd78f9ad90cc311af1d36eff6b34d828092a34aa1c89564a46323d8b20d948",
        "filename": "SimplyJetpacks-MC1.7.10-1.5.1.jar"
      },
      {
        "signature": "sha256:c5f93519168f95e78bceaafbc8cd5a9a083e0d70d5ece07289f32941a6295017",
        "filename": "natura-1.7.10-2.2.0.1.jar"
      },
      {
        "signature": "sha256:3ab52c94b2b55711075c27eca2a6fcb834fb908a49d3bf4f3c37aafc4cc721b6",
        "filename": "ibench-1.7.10-1.0.12.jar"
      },
      {
        "signature": "sha256:fbbf9b576222228a675c07a383813381800d2d3ba0966280df165a6e6176ef70",
        "filename": "MekanismTools-1.7.10-8.1.2.229.jar"
      },
      {
        "signature": "sha256:6b3cb5fa6c1576a359a360145c30f76ca751815800d9ed8b6a75c319f2be5ccc",
        "filename": "DigitalXP-1.7.10-0.1.5.jar"
      },
      {
        "signature": "sha256:76905f92f829a960500ebe038924290e2757930102963920a3a347922c3402cf",
        "filename": "Opis-1.2.5_1.7.10.jar"
      },
      {
        "signature": "sha256:c60aa318787341b4bcebc8c4f97c340bed0285955f1183fc1749fd70235f771b",
        "filename": "RandomThings-2.2.4.jar"
      },
      {
        "signature": "sha256:50b9df8c41ce1298446cadf0fc2492b58f4ffde251285a167d788ca6826fba0c",
        "filename": "MineFactoryReloaded-[1.7.10]2.8.0-104.jar"
      },
      {
        "signature": "sha256:a300fcf2c43ab26eb1eb380a13efdcc6c1c46f0a502da219a4b58337df52ef7b",
        "filename": "ironchest-1.7.10-6.0.62.742-universal.jar"
      },
      {
        "signature": "sha256:4977138a4b88e5e29c12e7c37f01e8df08160f8691c573a1d81ffadaf4f979ae",
        "filename": "Ruins-1.7.10 14.4.jar"
      },
      {
        "signature": "sha256:b7683c77e32cc48261259b0b85ea0a6e15369dc5c697a2c9aba219a1836c53c1",
        "filename": "KwastiBustMonsters-1.7.10-1.0.9.jar"
      },
      {
        "signature": "sha256:16258f059e80e06de21d3a06fd552711e517d6eb9bd2f9496a5bc00f0822111b",
        "filename": "CodeChickenCore-1.7.10-1.0.6.44-universal.jar"
      },
      {
        "signature": "sha256:bc2958857276efc083b7e118856dba8819de6377926eb13506699f043fbdb26e",
        "filename": "WAILAPlugins-MC1.7.10-0.0.1-15.jar"
      },
      {
        "signature": "sha256:d0bd6d33ce24948e17ee95b0b29edef174f8aa254725ce80576cb1ee77c988c1",
        "filename": "Draconic-Evolution-1.7.10-1.0.1c.jar"
      },
      {
        "signature": "sha256:1a65061335918d83c3982e8bae7fbca45dd4106157b6e971befa9aa1c93b9c7c",
        "filename": "CoFHLib-[1.7.10]1.0.3B1-163.jar"
      },
      {
        "signature": "sha256:656267cc5c84631f000d4a8b1f3a92efb91d87cedd783a1c3ca14bef724e7a02",
        "filename": "CodeChickenLib-1.7.10-1.1.3.136-universal.jar"
      },
      {
        "signature": "sha256:6cc11b93914c7ec84036cd5922cf1cbad9a6da663fdfe82a809b2ec737707729",
        "filename": "MrCrayfishFurnitureModv3.4.7(1.7.10).jar"
      },
      {
        "signature": "sha256:8961ff5f0f350a12da5b53b22f88cbf3bd0e6b0af8675736cec4036f2ae211d1",
        "filename": "CoFHCore-[1.7.10]3.0.2-282.jar"
      },
      {
        "signature": "sha256:8cbbcb7a88310f6ac1bb99ce6dc0f931302a1837da847d024ec6694a0ede3bb0",
        "filename": "industrialcraft-2-2.2.726-experimental.jar"
      },
      {
        "signature": "sha256:907e3a46c9dbe4e45fe090355b0a42f6c0a4f8078e85b0a57ef4a906e7f9b934",
        "filename": "HungerOverhaul-1.7.10-1.0.0.jar"
      },
      {
        "signature": "sha256:f02ba7b8ea0cd5736acd10e2aa89429a8ef9dbd0d0f664f2b77618981b1761da",
        "filename": "appliedenergistics2-rv2-stable-3.jar"
      },
      {
        "signature": "sha256:164dec1437f49092f2ce2eafbea754532f735a1c623f535a05dd446475b852b3",
        "filename": "OpenModsLib-1.7.10-0.7.3-snapshot-362.jar"
      },
      {
        "signature": "sha256:de1825ac57edc1ba31f1104e7b8ae0681a0410c2ca61095b6b4a22ec3a95cae3",
        "filename": "TiCTooltips-mc1.7.10-1.2.4.jar"
      },
      {
        "signature": "sha256:93ed3a0383c6b41843499e622dc25c8bc8ccb288c7f4f28312bfa4d809746935",
        "filename": "ProjectZulu-1.7.10-1.4c2.jar"
      },
      {
        "signature": "sha256:341a4ff6ea1c70b9e6e098c356cfd16d90b0d1dc08ea95559c65a32ab5a2e588",
        "filename": "ThermalFoundation-[1.7.10]1.0.0-85.jar"
      },
      {
        "signature": "sha256:318e569d097d17bdd8fdfda71de2e1ccd6ab55b7a8bf52d7ad853bb9fd832bfb",
        "filename": "ExtraTiC-1.7.10-1.4.5.jar"
      },
      {
        "signature": "sha256:d6cf5a6ead61ec49cafc81d071434ec64573faa8a780fd7211af79f1e8d9f835",
        "filename": "immibis-core-59.1.1.jar"
      },
      {
        "signature": "sha256:378ecf10ab9a1c5cf23a525127a4eceefabad3355475b388efe78d851172cbcb",
        "filename": "runicdungeons-1.1.4.jar"
      },
      {
        "signature": "sha256:f0de862f254aed5708ba1539e5e6fda5e23175f14fb0cb8eb09994ddfeb1937c",
        "filename": "bdlib-1.8.0.86-mc1.7.10.jar"
      },
      {
        "signature": "sha256:b316d93f50e87551a7e29d1267dd3bd41e5eb40cb8381d5ae004d746a6a850fe",
        "filename": "Pams HarvestCraft 1.7.10h.jar"
      },
      {
        "signature": "sha256:3157621385420f533a50bdc51f13be94f53302ac1bf7fa14b2eaacd28044d462",
        "filename": "BetterStorage-1.7.10-0.13.1.126.jar"
      },
      {
        "signature": "sha256:9c5176a557b869971cace90f618f6e9a70793f610fff03b2db6a98a85b5e616d",
        "filename": "NotEnoughResources-1.7.10-0.1.0.100.jar"
      },
      {
        "signature": "sha256:86e15c88e8f6f8fa0be278f3c6d13cbdd0a1bb4270b21d06c4362a53f78a6612",
        "filename": "BiblioCraft[v1.10.4][MC1.7.10].jar"
      },
      {
        "signature": "sha256:e7aac09074d0469a289c0d6a7dbfdd19d7d8985a1448a269c334cb8850d8a7ac",
        "filename": "copycore-1.7.10-1.6.1.9.jar"
      },
      {
        "signature": "sha256:ee7840eb553b850bdb32ed5be6194936f02f2cb2c9b915e4996312ec4a812588",
        "filename": "EJML-core-0.26.jar"
      },
      {
        "signature": "sha256:588ed13dcc68586acc0162ff736f44a8cd7bf07479e3e2862c2fed3277cc2260",
        "filename": "ae2stuff-0.3.0.30-mc1.7.10.jar"
      },
      {
        "signature": "sha256:6d54e492928582aac883b4ef70daad517c9eced2731cc09786eb1f13a625f517",
        "filename": "neiaddons-1.12.8.29-mc1.7.10.jar"
      },
      {
        "signature": "sha256:3b718ba0e5faaa786329498c3ddd1f31a39d40916c4917291e6acfd58167182e",
        "filename": "AppleCore-mc1.7.10-1.1.0.jar"
      },
      {
        "signature": "sha256:9cb0324d5f964439dcc2203a6b2fd8ac470e65457775c095d270571e7c13be1a",
        "filename": "Reliquary-1.2 full.jar"
      },
      {
        "signature": "sha256:df1907020a64851046ffb5110a024328ea209843a50ff5ee95906325abf6ece3",
        "filename": "NetherOres-[1.7.10]2.3.1B1-14.jar"
      }
    ],
    "addedSignatures": [
      "sha256:318e569d097d17bdd8fdfda71de2e1ccd6ab55b7a8bf52d7ad853bb9fd832bfb",
      "sha256:b8e02b860c86cce3b4efac4c447a3bb99eb2f3f16f4f0b5ec4dcd1fbd5e3c83f",
      "sha256:d5448c9f42a2d62ecde991da3eae923e50d1b9f004b5aec6ed297b7140a77297",
      "sha256:990e8dc5cb679dfd4d77e850941db3b0b62a783bf0c07b397c59452bb1814255",
      "sha256:2ccb4d6cf908c50b7b1984dcbdded597903169fabd572fdf6895100f89d8cdc5",
      "sha256:76905f92f829a960500ebe038924290e2757930102963920a3a347922c3402cf",
      "sha256:e579cd7714f6fd67024c1b45dcc32654838dfb57efb7394d1d73891c61a73721",
      "sha256:7063bd96057b098ffe59942b9fb961a10001134a83074673c862029784bae670",
      "sha256:3ab52c94b2b55711075c27eca2a6fcb834fb908a49d3bf4f3c37aafc4cc721b6",
      "sha256:8f7e1489353f07063ad23b827c39a1e74ce8c1da80be37f9cccaa8d181ffa4aa",
      "sha256:de1825ac57edc1ba31f1104e7b8ae0681a0410c2ca61095b6b4a22ec3a95cae3",
      "sha256:f7cd78f9ad90cc311af1d36eff6b34d828092a34aa1c89564a46323d8b20d948",
      "sha256:fdefead766de0bf9240202680acb7ce072d674b0995736ece3d34357c2c51cc3",
      "sha256:c5f93519168f95e78bceaafbc8cd5a9a083e0d70d5ece07289f32941a6295017",
      "sha256:3d90ed26a2882eced16fda80db9406fcca84fd578527c27783bd789f6fd5c6a0",
      "sha256:fde478b87e5710a430b6e0bf03398a2c4b2a07319eab6164096eaa7a4c09665d",
      "sha256:5d966e63b24443c7b2434f4928391e459045039819f427626265ea2340792e18",
      "sha256:d7ee895d5cc69b862d858bbe5157e21d156cba7280ff0433dcfac0b2d1d32b7d",
      "sha256:3157621385420f533a50bdc51f13be94f53302ac1bf7fa14b2eaacd28044d462",
      "sha256:c60aa318787341b4bcebc8c4f97c340bed0285955f1183fc1749fd70235f771b",
      "sha256:7e5fe8e9666ed04c74fde3ed98633a4230aa3720a49634787a8f52a00f1bb34c",
      "sha256:d0bd6d33ce24948e17ee95b0b29edef174f8aa254725ce80576cb1ee77c988c1",
      "sha256:c9ceffe2c0cfa6514b87a92af82bf9c348b5ffca6bcb0ce36e805785cdc86efa",
      "sha256:588ed13dcc68586acc0162ff736f44a8cd7bf07479e3e2862c2fed3277cc2260",
      "sha256:5c713f4403aac3e1655cf098354a3a2001ad3b1c3eef3bedafd0015870008d57",
      "sha256:d30f7f9b624e3064852af1642e4d6988aeea689a8a6871c5d074572bddce0283",
      "sha256:f4a1a30d96574492bfa96a43ddea92741f71cd62abb2f8db859cb895c51ce8dd",
      "sha256:50b9df8c41ce1298446cadf0fc2492b58f4ffde251285a167d788ca6826fba0c",
      "sha256:ec43582b61083b81e047a4e1c2f709a2a75f0fd4b9d75305eb26991531dd046d",
      "sha256:ebef5ccdcfff2be891ce06dbabf65fd34a33b54998ef3fa25ff118bbe937b819",
      "sha256:767bddf9c906fe3234eee06d1fb2db5cfc574d555fd67ca824f19329cdfed92a",
      "sha256:9253a026ff524e285b3ae54a5cec0e3394bf81ee5a8bc3c5d5994abff7447a8b",
      "sha256:48f9dc286f67b95fcff3c85b63b59ab8f5de53aef4734666e4c4d89859046cfb",
      "sha256:e4a3dd27370920b2be108ba7a18efe720a521d4956abb34a8ebf74958ff25f55",
      "sha256:388e44ae199bd3efb39ed23578f45d00c1e5b490c7ca8d7bc5234671328a5cb5",
      "sha256:1a65061335918d83c3982e8bae7fbca45dd4106157b6e971befa9aa1c93b9c7c",
      "sha256:664e4e72dd046fb87400a5f357e5d46c409b812cbb73f237cdb337fd9c13a132",
      "sha256:e21ad7594b2f371809db3def2f568e2ac8b38728ce953e3e3f49562937781da4",
      "sha256:f44ba00f9ab5f399a534784b054d42228812fa48d413314cdc3680c642c9f16b",
      "sha256:bc2958857276efc083b7e118856dba8819de6377926eb13506699f043fbdb26e",
      "sha256:a985c0712e195bef958d94fb74e3f5132398caa46a1b727faeda9baad6ab8784",
      "sha256:9820605d6918b8c002ea08b5138386c869d1c779a13f6147aa9dde778e995d55",
      "sha256:0ab0a697bcc7f7578078f51b205a402a1991b6bef46651418317a387f019f2a8",
      "sha256:b316d93f50e87551a7e29d1267dd3bd41e5eb40cb8381d5ae004d746a6a850fe",
      "sha256:a1a9165f9d3651ac1870aae5cf682363605109d8f69b47806b08c9275da34d88",
      "sha256:9ea551dd81da9af7ae95c845d246da2a947dfe9cf4071e89b5c53f4967dcea2f",
      "sha256:a300fcf2c43ab26eb1eb380a13efdcc6c1c46f0a502da219a4b58337df52ef7b",
      "sha256:bb96cd208d2a1bc4a3b295f902e7a2ea9171f61da7d99bd4b159d78b90d43a91",
      "sha256:8961ff5f0f350a12da5b53b22f88cbf3bd0e6b0af8675736cec4036f2ae211d1",
      "sha256:341a4ff6ea1c70b9e6e098c356cfd16d90b0d1dc08ea95559c65a32ab5a2e588",
      "sha256:656267cc5c84631f000d4a8b1f3a92efb91d87cedd783a1c3ca14bef724e7a02",
      "sha256:570f1c10efc0e492d7f564fe39e8912bf5082a443fa69ce68b50dc24f47d5e08",
      "sha256:cc485ddcaf9faa91974744fd9d3147412dd85586864be23eabe16d8cc42b21df",
      "sha256:87bde2c07ddf631cc14c513cccd83ff746f2ac44e241e821407819d6eb34aef5",
      "sha256:f02ba7b8ea0cd5736acd10e2aa89429a8ef9dbd0d0f664f2b77618981b1761da",
      "sha256:9cb0324d5f964439dcc2203a6b2fd8ac470e65457775c095d270571e7c13be1a",
      "sha256:c5e7c29bd9bec8f606ba6fa224ef0285e3c6fa24770c0b5116e15086cac0eef3",
      "sha256:e8daa7883b954a9d0fb03157876bcf7a0a493fa5deeb80f59417886cb284e852",
      "sha256:3b718ba0e5faaa786329498c3ddd1f31a39d40916c4917291e6acfd58167182e",
      "sha256:771df443516a2356c15c8131a15530298d56fe758a549b0d5ba043230b97c27b",
      "sha256:164dec1437f49092f2ce2eafbea754532f735a1c623f535a05dd446475b852b3",
      "sha256:f7cd6651c51b1f56e267422bb0bc6b92d25395a623ad77ccdc5134ebd8c6542a",
      "sha256:b7683c77e32cc48261259b0b85ea0a6e15369dc5c697a2c9aba219a1836c53c1",
      "sha256:a784f0b63c62ff219a4a1346e7952ab35224d41ddb24b8994e2867aff6a953de",
      "sha256:a114cd3b5fac50f31e43189546a50e390027e5ef770d81427b9fd5ebdbafdf72",
      "sha256:56d83821f7733f17b966024b8ce1e2dff652e5f40f170cbb83e8989ea0827d37",
      "sha256:e7aac09074d0469a289c0d6a7dbfdd19d7d8985a1448a269c334cb8850d8a7ac",
      "sha256:8cbbcb7a88310f6ac1bb99ce6dc0f931302a1837da847d024ec6694a0ede3bb0",
      "sha256:ee7840eb553b850bdb32ed5be6194936f02f2cb2c9b915e4996312ec4a812588",
      "sha256:b31d29a9756fc282e7e86017853139ba1aa885e3992d8c063c3cd5c3554d1277",
      "sha256:fc35dc5886da434e11be07d923baa16741bc0d7ea0d81fb9989aa8ea96fd0143",
      "sha256:f0de862f254aed5708ba1539e5e6fda5e23175f14fb0cb8eb09994ddfeb1937c",
      "sha256:8a2da693a9d8d441f11cba0a62ce353582641b23d6219b457affab58e6a1fe4a",
      "sha256:6b3cb5fa6c1576a359a360145c30f76ca751815800d9ed8b6a75c319f2be5ccc",
      "sha256:4e38a63e8c68443cd69aa80c053fb1b9d3cf80a014497423bdba844333b192d5",
      "sha256:b32a8f2078717f56ac09b1a7bbbfb7b5483a196bfdaca697d2def916387ceb6e",
      "sha256:9c5176a557b869971cace90f618f6e9a70793f610fff03b2db6a98a85b5e616d",
      "sha256:4977138a4b88e5e29c12e7c37f01e8df08160f8691c573a1d81ffadaf4f979ae",
      "sha256:8772f727448b8c68785331ae051cb5d80ac6ade14b36646eed101f621356b1b1",
      "sha256:c6861456894b85d854321f58efb1eefec4440a3f3fa0ba79beeca91d20f77ed9",
      "sha256:df1907020a64851046ffb5110a024328ea209843a50ff5ee95906325abf6ece3",
      "sha256:c4ffe72cbfc3b63f502f14cd72b75dd3d5004384fb0ff1d0d3cca685abef3473",
      "sha256:9e962da477f3342370077333d4375cb934ece9ace8847a222b5a44b77d93e81f",
      "sha256:9ccd59de718ed1026e378049e946202e6f8bf73a2d950246b0f23184182c4738",
      "sha256:86e15c88e8f6f8fa0be278f3c6d13cbdd0a1bb4270b21d06c4362a53f78a6612",
      "sha256:9bb96584505aae1c16ce93f61ca68ee75bc7d59543ea9f13c221ff9305fc6f68",
      "sha256:7519b31594223df2b0663d3870a6a690a4520f2bba5a0e447f46f86c7fa088dd",
      "sha256:fbbf9b576222228a675c07a383813381800d2d3ba0966280df165a6e6176ef70",
      "sha256:a20aebc2cfccc8eb67d3430dc2fccb6b5575db06dabfe428be07c98b189481bd",
      "sha256:93ed3a0383c6b41843499e622dc25c8bc8ccb288c7f4f28312bfa4d809746935",
      "sha256:1571d6bc1be1a088918a4e24ca824410704d08019754f460613bf8372ec56c8a",
      "sha256:44423d7c43bde9274e1dbc1b00d6bd14ec7cb2572326eeefa9c6dd6fab47930b",
      "sha256:b8ef3cec785d5221af9a9234dc42971bac70b6050ca44446a0b915a1851b4953",
      "sha256:8a6a8a6f77c1a4fc1769bf4370c5a7cdd745593b951657843ffdcdf20ff90c0c",
      "sha256:16258f059e80e06de21d3a06fd552711e517d6eb9bd2f9496a5bc00f0822111b",
      "sha256:fcc9eb775fd0d1393fc5bfe1eb2ca792d2c17c066f7adeef552149bf9d7aae22",
      "sha256:65b8b50d8e7201f920faa6bfb9edbe106c36630a09a50696fe52ed3fdcfd5cc2",
      "sha256:6cc11b93914c7ec84036cd5922cf1cbad9a6da663fdfe82a809b2ec737707729",
      "sha256:c20e8fa1619023b86780d35e8ac756015ff0b60756d742e58e2a0e33b85d98a8",
      "sha256:826b5ad1b22d12a3012a0ba151ce46c09b5a2fde07a388c8db12bcf64e21b59e",
      "sha256:d9531a52ee8c926da3dba2380de068a91c227f23e527d022eba46eb4a175b3e2",
      "sha256:378ecf10ab9a1c5cf23a525127a4eceefabad3355475b388efe78d851172cbcb",
      "sha256:15ec2d426da82e74acbfe4c5fe35bf9f664185246383473fa8e944788b5960fa",
      "sha256:2fcebe2c2d8e7960c8b216b3db8591109486b45b65d846903d5ee7c9796a8152",
      "sha256:c07f23dc4fa4aa16d7981a9f77b9883476669a60182979d3a771439a491739b6",
      "sha256:05ae8f11b8f9012ebebbf179227b010829739c6284e30da5dd3db220ee682f8a",
      "sha256:f962fd4d2f69cc2ef25db10f2e62ab65dfc8bb29d01e660db8a284a3ec8fc2be",
      "sha256:6d54e492928582aac883b4ef70daad517c9eced2731cc09786eb1f13a625f517",
      "sha256:907e3a46c9dbe4e45fe090355b0a42f6c0a4f8078e85b0a57ef4a906e7f9b934",
      "sha256:a82305b4f159a09bb70b36fec23250d8056318ef6efe5160397af3075b931804",
      "sha256:d6cf5a6ead61ec49cafc81d071434ec64573faa8a780fd7211af79f1e8d9f835",
      "sha256:c9e18c0c07479bb623d3d13b38883d0f1384dd7563e8fd3d75f89e56f5cade7e"
    ],
    "removedSignatures": [],
    "workTime": 4562976.5,
    "language": "n/a",
    "locale": "en_US",
    "timezone": "Etc/UTC",
    "branding": [
      "Minecraft 1.7.10",
      "MCP v9.05",
      "FML v7.10.141.1403",
      "Minecraft Forge 10.13.3.1403",
      "148 mods loaded, 148 mods active"
    ],
    "runtime": {
      "mcp": "MCP v9.05",
      "fml": "7.10.141.1403",
      "forge": "10.13.3.1403"
    },
    "minecraft": "Minecraft 1.7.10",
    "javaVersion": "Oracle Corporation 1.8.0_45",
    "side": "server",
    "obfuscated": true,
    "type": "analytics"
  }
]